time,DO,WT,pH,Tur,Cond,COD,NH,TP,TN,CHLa
2022/11/1,15.3,26.47,12.23,104.86,616.53,4.85,0.14,0.11,0.87,18.19
2022/11/2,15.46,26.52,12.28,106.73,617.12,4.85,0.12,0.11,0.95,20.34
2022/11/3,15.43,26.4,12.29,95.8,619.53,4.97,0.12,0.11,0.88,20.71
2022/11/4,15.07,25.48,12.23,107.62,616.19,4.83,0.12,0.11,0.61,16.94
2022/11/5,15.05,24.34,12.23,102.53,612.71,4.86,0.15,0.12,0.47,15.77
2022/11/6,15.25,23.67,12.23,107.21,614.62,4.96,0.14,0.11,0.61,17.05
2022/11/7,15.28,24.32,12.2,119.5,607.22,4.82,0.17,0.14,1.01,16.07
2022/11/8,15.95,25.3,12.28,104.43,605.81,4.59,0.15,0.12,1.04,17.93
2022/11/9,16,25.36,12.29,103,608.11,4.5,0.14,0.12,0.99,20.92
2022/11/10,16,26.21,12.31,97.43,610.93,4.41,0.12,0.11,1.02,20.16
2022/11/11,15.94,26.99,12.44,75.98,607.07,4.5,0.11,0.09,1.07,25.71
2022/11/12,15.2,27.54,12.31,106.72,606.86,4.53,0.11,0.11,1.19,22.6
2022/11/13,14.62,25.91,12.02,172.39,610.58,4.97,0.24,0.15,0.53,16.82
2022/11/14,14.87,23.74,12.15,106.8,618.94,4.64,0.18,0.11,0.43,24.74
2022/11/15,15.28,22.55,12.26,94.69,612.06,4.39,0.15,0.09,0.56,23.93
2022/11/16,15.36,21.55,12.14,112.41,611.81,4.38,0.2,0.11,0.59,18.32
2022/11/17,15.65,21.06,12.11,109.54,609.62,4.29,0.2,0.11,0.9,21.99
2022/11/18,15.34,21.32,12.09,105.03,609.56,4.21,0.21,0.11,0.56,23.81
2022/11/19,15.1,21.53,11.97,118.22,607.7,4.27,0.24,0.11,0.58,17.2
2022/11/20,15.25,22.6,12.02,115.6,607.1,4.38,0.26,0.11,0.78,16.1
2022/11/21,15.84,22.28,12.11,96.47,606.72,4.21,0.18,0.11,0.84,19.75
2022/11/22,15.97,22.62,12.12,81.66,601.06,4.24,0.12,0.09,0.72,20.88
2022/11/23,15.66,22.69,12.12,82.37,603.75,4.1,0.14,0.09,0.72,21.84
2022/11/24,15.56,23.24,12.11,88.86,603.98,4.01,0.2,0.09,0.82,16.5
2022/11/25,15.66,22.72,12.11,103.87,603.37,4.91,0.2,0.11,1.3,16.12
2022/11/26,15.77,22.22,12.11,118.87,602.74,5.81,0.2,0.11,1.78,15.74
2022/11/27,15.88,21.7,12.11,133.88,602.13,6.71,0.2,0.11,2.27,15.37
2022/11/28,15.98,21.2,12.09,148.89,601.51,7.63,0.2,0.12,2.76,14.99
2022/11/29,15.98,21.2,12.09,148.89,601.51,7.63,0.2,0.12,2.76,14.99
2022/11/30,16.44,18.51,12.14,126.09,601.81,7.79,0.21,0.12,2.99,15.28
2022/12/1,17.26,15.13,12.18,106.2,601.95,4.71,0.21,0.11,2.18,14.44
2022/12/2,17.84,13.86,12.22,99.66,605.97,4.39,0.2,0.11,1.74,13.13
2022/12/3,17.92,13.48,12.18,100.5,606.28,2.62,0.2,0.11,1.63,12.37
2022/12/4,17.71,13.05,12.03,86.85,654.85,2.27,0.26,0.09,2.55,12.54
2022/12/5,18.33,12.34,12.15,92.86,608.95,1.97,0.2,0.11,2.3,10.02
2022/12/6,18.33,12.25,12.15,86.13,633.76,1.8,0.21,0.11,1.77,9.62
2022/12/7,17.89,12.46,12.06,73.41,715.27,2.44,0.32,0.09,2.36,11.13
2022/12/8,16.3,14.32,11.9,50.04,843.75,4.07,0.34,0.08,2.79,7.79
2022/12/9,17.64,13.15,12.03,70.27,691.15,4.13,0.26,0.09,1.81,11.25
2022/12/10,17.4,13.63,11.97,66.61,754.69,3.84,0.29,0.09,2.3,9.78
2022/12/11,17.96,13.36,12.05,68.47,750.48,4.1,0.26,0.09,3.69,11
2022/12/12,18.33,12.6,12.08,77.68,739.5,4.15,0.26,0.09,3.74,11.41
2022/12/13,18.7,12.06,12.12,91.87,677.05,4.21,0.21,0.09,3.75,11.71
2022/12/14,19.03,11.56,12.17,74.19,721.78,4.33,0.2,0.09,3.83,12.55
2022/12/15,19.54,10.92,12.23,89.9,612.53,4.19,0.17,0.09,3.57,15.59
2022/12/16,19.46,10.55,12.17,88.45,616.83,4.42,0.14,0.09,3.43,13.51
2022/12/17,19.87,9.15,12.17,152,614.04,4.73,0.17,0.12,3.72,13.85
2022/12/18,20.51,7.52,12.22,166.06,610.05,3.81,0.2,0.14,4.39,14.47
2022/12/19,20.83,7.35,12.28,114.82,676.49,3.11,0.18,0.11,3.77,14.73
2022/12/20,20.89,7.09,12.28,91.21,693.04,2.91,0.18,0.09,3.52,15.3
2022/12/21,20.51,7.49,12.26,90.97,667.58,2.71,0.17,0.09,3.07,14.72
2022/12/22,20.77,6.56,11.51,161.89,707.78,4.27,0.26,0.09,3.39,12.4
2022/12/23,20.86,6.92,11.9,118.17,678.81,4.1,0.18,0.09,3.11,15.31
2022/12/24,20.97,7.3,12.26,74.47,649.83,3.95,0.12,0.09,2.85,18.22
2022/12/25,20.8,6.98,12.28,67.77,623.3,3.69,0.09,0.09,2.58,17.96
2022/12/26,20.76,7,12.31,64.36,640.48,3.61,0.09,0.09,2.56,19.09
2022/12/27,20.83,6.89,12.34,60.3,613.58,3.74,0.08,0.09,2.27,20.44
2022/12/28,20.91,6.91,12.32,61,611.2,3.8,0.08,0.09,2.18,22.25
2022/12/29,20.76,6.79,12.38,51.76,623.21,3.84,0.06,0.08,2.12,21.73
2022/12/30,20.91,6.95,12.41,52.28,626.38,3.87,0.06,0.09,2.14,23.32
2022/12/31,21.72,6.88,12.44,46.18,668.5,4.03,0.06,0.08,2.3,25.22
2023/1/1,22.45,7.81,12.61,36.89,700.25,4.27,0.05,0.08,2.56,28.62
2023/1/2,22.45,7.81,12.61,36.45,657.15,4.1,0.05,0.08,2.1,32.99
2023/1/3,22.51,8.08,12.73,37.36,607.36,4.24,0.05,0.08,1.54,35.2
2023/1/4,22.54,8.24,12.7,37.65,624.18,4.27,0.05,0.08,1.66,32.22
2023/1/5,22.52,8.77,12.7,37.65,634.58,4.47,0.05,0.08,1.77,38.26
2023/1/6,22.4,9.01,12.73,36.63,625.11,4.45,0.05,0.08,1.66,35.88
2023/1/7,22.75,10.51,12.84,33.69,635.68,4.33,0.05,0.08,1.57,29.92
2023/1/8,23.06,10.86,12.9,38.43,652.46,4.62,0.05,0.08,1.78,35.2
2023/1/9,22.86,11.57,12.95,42.24,663.41,4.36,0.05,0.08,1.85,35.3
2023/1/10,21.69,11.64,12.84,42.38,652.88,4.71,0.05,0.08,1.95,34.31
2023/1/11,21.37,11.82,12.83,42.03,651.51,11.24,0.05,0.08,1.77,33.41
2023/1/12,21.29,12.12,12.73,52.05,615.43,7.63,0.06,0.08,2.09,41.82
2023/1/13,21.64,12.86,12.86,50.22,609.91,4.74,0.06,0.08,1.74,52.31
2023/1/14,19.96,12.93,12.61,63.47,617.09,4.25,0.08,0.09,2.17,42.01
2023/1/15,19.61,10.64,12.49,55.17,619.15,4.13,0.09,0.09,2.46,38.54
2023/1/16,20.18,9.23,12.58,42.26,613.51,4.15,0.08,0.08,2.59,39.85
2023/1/17,20.72,8.89,12.7,33.35,608.99,4.09,0.06,0.08,2.23,38.14
2023/1/18,21.2,8.75,12.79,35.55,607.3,4.1,0.05,0.08,2.1,37.38
2023/1/19,21.69,8.86,12.87,27.85,607.58,3.97,0.05,0.08,1.81,35.84
2023/1/20,22.52,9.33,12.98,23.03,629.86,4.7,0.05,0.06,1.65,35.9
2023/1/21,22.14,9.46,12.95,27.05,620.03,5.03,0.05,0.08,1.77,37.61
2023/1/22,21.69,9.94,12.92,24.42,620.81,5.29,0.05,0.08,1.46,45.49
2023/1/23,21.11,9.76,12.84,25.32,628.62,5.29,0.05,0.06,1.86,41.42
2023/1/24,20.91,8.91,12.76,39.53,638.35,7.85,0.05,0.08,1.56,39.24
2023/1/25,21.17,7.06,12.72,38.61,643.86,6.05,0.05,0.08,1.66,36.08
2023/1/26,21.61,6.41,12.78,31.23,615.17,6.02,0.05,0.08,1.6,38.72
2023/1/27,21.75,6.19,12.78,32.19,615.76,5.99,0.05,0.08,1.62,36.33
2023/1/28,22.04,6.12,12.86,30.07,616.6,5.37,0.05,0.08,1.57,37.76
2023/1/29,21.96,6.51,12.89,24.72,615.35,5.78,0.05,0.08,1.39,33.15
2023/1/30,21.93,7.99,12.87,23.27,615.4,6.21,0.05,0.06,1.13,29.19
2023/1/31,22.17,7.93,12.87,23.77,616.01,6.02,0.05,0.08,1.14,35.36
2023/2/1,21.56,8.72,12.76,30.76,624.81,5.6,0.05,0.08,1.25,35.94
2023/2/2,20.83,8.4,12.66,27.76,620.43,5.52,0.05,0.08,1.65,41.37
2023/2/3,20.45,8.14,12.6,22.13,620.84,5.81,0.05,0.06,1.45,44.56
2023/2/4,21.01,8.6,12.66,21.5,618.59,4.68,0.05,0.05,1.2,45.16
2023/2/5,21.03,9.12,12.64,22.72,619.78,4.76,0.05,0.05,1.42,46.44
2023/2/6,21.26,9.91,12.69,23.65,625.65,4.79,0.05,0.05,1.48,58.1
2023/2/7,21.11,10.19,12.75,20.94,621.01,4.68,0.05,0.05,1.36,70.46
2023/2/8,20.47,10.19,12.63,23.79,614.77,4.96,0.05,0.05,1.36,66.22
2023/2/9,20.33,10.08,12.52,19.47,619.97,7.09,0.05,0.05,1.37,59.96
2023/2/10,20.16,10.11,12.47,17,621.99,12.73,0.05,0.05,1.31,57
2023/2/11,19.89,10.46,12.41,21.2,629.4,3.51,0.05,0.05,1.43,51.12
2023/2/12,19.93,10.69,12.41,17.4,621.09,3.77,0.05,0.05,1.24,48.97
2023/2/13,19.7,10.55,12.32,18.04,613.46,3.83,0.05,0.05,1.25,47.63
2023/2/14,19.41,10.28,12.26,22.2,623.19,2.97,0.05,0.05,1.4,32.6
2023/2/15,19.57,10.6,12.28,20.63,623.94,3.71,0.05,0.05,1.33,24.02
2023/2/16,19.49,10.58,12.22,23.09,627.28,3,0.06,0.05,1.36,19.63
2023/2/17,19.35,10.84,12.17,22.04,626.52,3,0.06,0.05,1.34,17.84
2023/2/18,19.18,11.5,12.26,23.38,618.83,2.44,0.05,0.05,1.22,18.8
2023/2/19,18.82,12.03,12.22,22.2,619.24,2.5,0.05,0.06,1.25,17.57
2023/2/20,18.88,12.75,12.18,22.16,621.68,2.84,0.05,0.05,1.49,11.94
2023/2/21,18.96,12.69,12.12,30.42,667.16,2.09,0.06,0.05,1.69,14
2023/2/22,18.82,11.7,12.12,22.08,637.47,2.01,0.06,0.05,1.74,21.53
2023/2/23,18.56,11.13,12.08,16.2,627.63,2.04,0.06,0.05,1.45,30.64
2023/2/24,18.22,10.92,12.02,19.15,621.09,1.45,0.06,0.05,1.4,32.04
2023/2/25,19.06,11.15,12.09,21.03,630.85,3.97,0.05,0.05,1.39,12.69
2023/2/26,19.41,11.41,12.12,19.23,629.81,7.87,0.05,0.05,1.3,11.45
2023/2/27,19.25,11.61,12.11,28.87,623.19,5.43,0.06,0.05,1.33,9.81
2023/2/28,19.6,12.2,12.22,32.53,623.19,5.57,0.05,0.06,1.4,15.66
2023/3/1,19.64,13.22,12.28,29.86,623.86,5.51,0.05,0.05,1.34,18.45
2023/3/2,20.04,13.89,12.35,27.42,626.18,5.49,0.05,0.05,1.33,21.21
2023/3/3,19.86,14.69,12.35,27.1,623.8,5.63,0.05,0.05,1.34,19.26
2023/3/4,19.28,16.44,12.22,23.33,622.18,5.44,0.05,0.05,1.08,18.94
2023/3/5,19.98,18.28,12.4,18.25,622.37,5.4,0.05,0.05,1.13,18.61
2023/3/6,20.08,17.58,12.51,18.44,625.46,5.89,0.05,0.05,0.99,17.55
2023/3/7,19.96,18.91,12.55,21.87,638.85,5.55,0.05,0.05,1.04,17.28
2023/3/8,19.78,20.56,12.47,20.24,618.08,5.58,0.05,0.03,1.08,17.1
2023/3/9,18.79,21.18,12.41,38.28,619.68,5.75,0.05,0.06,1.2,20.71
2023/3/10,19.28,22.75,12.57,20.6,620.07,5.75,0.05,0.05,0.92,20.4
2023/3/11,19.35,23.5,12.66,14.08,619.81,5.73,0.05,0.05,0.78,25.65
2023/3/12,17.08,22.97,12.31,38.09,623.82,4.42,0.05,0.05,1.08,15.71
2023/3/13,16.58,22.54,12.29,23.74,627.6,5.08,0.05,0.05,0.98,11.88
2023/3/14,16.29,22.16,12.15,52.96,628.7,4.85,0.06,0.05,1.28,8.66
2023/3/15,15.89,23.24,12.15,51.67,632.36,5.11,0.08,0.06,1.53,8.78
2023/3/16,16.42,21.59,12.17,61.44,634.81,5.08,0.06,0.06,1.48,8.37
2023/3/17,16.68,19.52,12.15,49.99,630.13,4.82,0.08,0.06,1.48,9.96
2023/3/18,16.61,18.48,12.15,30.29,626.74,4.58,0.09,0.05,1.13,8.74
2023/3/19,16.71,18.5,12.12,26.64,631.41,4.35,0.09,0.05,1.05,3.68
2023/3/20,16.7,18.82,12.09,30.26,636.6,4.27,0.09,0.05,1.24,3.2
2023/3/21,16.47,18.82,12.05,24.8,635.44,4.27,0.11,0.05,1.13,5.7
2023/3/22,16.27,19.03,11.99,30.99,636.38,4.18,0.14,0.05,1.27,4.24
2023/3/23,16.32,19.12,11.97,31.72,631.18,4.21,0.14,0.05,1.24,3.9
2023/3/24,16.41,18.44,12,36.04,632.75,4.33,0.15,0.06,1.4,2.85
2023/3/25,16.79,17.89,12.08,34.07,629.32,4.21,0.15,0.05,1.42,5.54
2023/3/26,17.13,18.76,12.14,35.93,626.79,4.45,0.15,0.05,1.43,9
2023/3/27,17.54,19.9,12.2,34.19,637.85,4.44,0.14,0.05,1.42,11.83
2023/3/28,17.72,20.19,12.22,40.31,635.19,4.93,0.09,0.05,1.53,15.45
2023/3/29,17.89,20.25,12.29,42.01,634.71,4.9,0.06,0.05,1.54,21.06
2023/3/30,17.14,20.34,12.14,44.18,634.17,4.61,0.14,0.06,1.59,9.87
2023/3/31,17.74,20.71,12.32,44.39,659.21,4.71,0.08,0.05,1.6,20.02
2023/4/1,18.73,23.12,12.61,32.04,679.1,5.17,0.05,0.05,1.46,25.73
2023/4/2,18.24,23.5,12.54,40.53,648.78,5.15,0.05,0.05,1.45,23.47
2023/4/3,16.67,23.13,12.38,91.5,640.7,5.61,0.06,0.09,2,26.89
2023/4/4,16.21,22.31,12.31,55.34,637.01,5.35,0.08,0.08,1.74,29.66
2023/4/5,16.13,21.73,12.14,108.72,635.24,5.23,0.12,0.09,1.98,19.28
2023/4/6,15.88,21.21,12.22,72.04,619.23,6.47,0.14,0.08,1.8,21.91
2023/4/7,16.53,21.67,12.29,66.8,618.59,5.63,0.12,0.08,1.72,18.28
2023/4/8,17.9,23.65,12.61,58.03,648.77,5.7,0.09,0.06,1.92,28.01
2023/4/9,19,24.48,12.76,58.38,641.67,5.9,0.06,0.06,1.8,29.87
2023/4/10,19.4,25.24,12.84,61.79,640.52,5.83,0.06,0.06,1.77,34.1
2023/4/11,20.48,27.02,13.08,115.87,636.55,6.22,0.06,0.08,1.65,49.14
2023/4/12,18.38,27.07,13.08,84.16,636.09,6.63,0.08,0.08,1.59,52.48
2023/4/13,16.81,26.32,13.01,72.39,649.67,6.65,0.08,0.08,1.74,49.55
2023/4/14,16.93,27.08,13.12,40.08,648,6.21,0.06,0.06,1.66,49.76
2023/4/15,16.85,27.79,12.76,54.72,662.02,5.72,0.06,0.06,1.75,24.14
2023/4/16,16.93,30.5,12.87,76.34,660.29,5.75,0.08,0.08,1.68,19.96
2023/4/17,15.04,30.09,12.55,49.55,652.11,5.32,0.08,0.06,1.53,11.04
2023/4/18,14.72,32.07,12.47,35.52,652.33,5.03,0.06,0.05,1.54,9.82
2023/4/19,14.06,33.81,12.37,33.2,657.99,5,0.08,0.05,1.66,10.03
2023/4/20,13.28,34.1,12.22,39.41,662.17,5.11,0.09,0.06,1.66,8.62
2023/4/21,13.28,33.38,12.14,50.33,660.2,5.23,0.11,0.06,1.68,11.07
2023/4/22,14.11,29.4,12.18,57.43,656.3,5.28,0.12,0.06,1.75,12.11
2023/4/23,14.56,27.13,12.14,60.01,653.19,5.38,0.14,0.06,1.81,11.13
2023/4/24,15.28,25.01,12.14,69.57,661.79,5.06,0.17,0.08,1.8,11.13
2023/4/25,15.39,24.57,12.18,65.5,665.36,4.68,0.15,0.08,1.78,14.52
2023/4/26,16.17,25.64,12.25,68.64,664.52,4.85,0.17,0.08,1.46,13.98
2023/4/27,16.52,26.76,12.32,60.59,665.19,4.9,0.12,0.08,1.49,20.5
2023/4/28,17.22,27.88,12.47,61.09,667.61,4.93,0.09,0.08,1.43,29.14
2023/4/29,16.21,27.68,12.34,92.78,673.44,5.28,0.09,0.08,1.65,24.58
2023/4/30,16.87,27.86,12.51,78.75,669.63,5.26,0.09,0.08,1.51,27.18
2023/5/1,19.31,31,12.96,77.33,666.15,5.76,0.06,0.08,1.42,32.64
2023/5/2,17.03,30.3,12.83,63.82,664.63,5.54,0.06,0.08,1.19,32.27
2023/5/3,15.27,30.07,12.52,74.36,669.02,5.35,0.08,0.06,1.4,38.84
2023/5/4,14.73,30.82,12.55,109.04,669.34,5.75,0.12,0.09,1.54,41.33
2023/5/5,14.44,31.7,12.43,136.29,666.29,5.86,0.14,0.11,1.51,36.3
2023/5/6,14.15,31.11,12.37,76.2,667.16,5.17,0.09,0.09,1.37,32.85
2023/5/7,15.27,30.94,12.55,50.4,664.85,5.05,0.06,0.08,1.42,25.54
2023/5/8,16.18,30.87,12.64,45.63,683.95,5.22,0.05,0.06,1.56,19.43
2023/5/9,16.52,30.67,12.72,49.17,689.18,5.38,0.05,0.06,1.68,18.86
2023/5/10,16.7,30.76,12.95,47.4,662.03,5.09,0.05,0.06,1.37,18.68
2023/5/11,16.35,30.91,12.92,42.88,662.9,4.68,0.05,0.05,1.39,19.38
2023/5/12,16.04,31.63,12.93,43.94,666.56,5.05,0.05,0.05,1.31,18.13
2023/5/13,15.75,33.15,12.9,48.17,668.68,4.83,0.05,0.06,1.2,18.5
2023/5/14,14.91,34.83,12.75,58.59,667.13,4.88,0.05,0.06,1.04,16.87
2023/5/15,14.38,35.87,12.7,74.88,667.72,5.03,0.05,0.06,1.16,19
2023/5/16,13.42,36.68,12.47,79.01,674.07,4.86,0.06,0.06,1.14,14.43
2023/5/17,12.93,36.23,12.46,75.69,673.58,5.49,0.08,0.09,1.27,15.28
2023/5/18,12.96,36.51,12.32,62.6,680.76,4.9,0.08,0.08,0.93,12.7
2023/5/19,13.13,37.06,12.31,58.7,684.56,4.77,0.06,0.06,1.04,11.94
2023/5/20,13.27,36.8,12.35,64.61,679.42,5.15,0.08,0.08,1.17,16.33
2023/5/21,13.33,36.58,12.38,56.9,678.2,4.82,0.05,0.08,1.17,20.37
2023/5/22,13.05,34.94,12.31,73.79,669.72,4.91,0.09,0.08,1.04,23.13
2023/5/23,13.4,34.3,12.26,75.59,668.74,5.66,0.09,0.08,1.11,20.21
2023/5/24,13.88,33.06,12.18,90.89,668.12,4.83,0.12,0.08,1.36,23.41
2023/5/25,15.6,35.04,12.47,74.57,665.43,4.96,0.09,0.08,1.16,26.14
2023/5/26,14.55,34.69,12.35,71.58,665.68,4.85,0.06,0.08,1.19,24.19
2023/5/27,13.69,35.11,12.26,71.9,670.51,4.83,0.08,0.08,1.24,22.34
2023/5/28,14.2,36.8,12.32,61.49,671.08,4.58,0.08,0.08,1.16,18.19
2023/5/29,14.73,38.69,12.52,49.17,667.92,4.82,0.05,0.06,1.11,55.21
2023/5/30,13.91,38.96,12.44,56.61,669.76,4.85,0.06,0.06,1.08,18.22
2023/5/31,14.23,38.35,12.54,49.03,668.67,4.88,0.06,0.06,1.14,15.39
2023/6/1,15.05,40.02,12.66,37.84,666.81,4.76,0.05,0.06,1.08,16.13
2023/6/2,16.15,41.08,12.84,33.73,665.3,4.85,0.05,0.05,1.11,15.48
2023/6/3,14.61,40.55,12.76,45.78,664.27,5.25,0.06,0.05,1.05,12.35
2023/6/4,13.42,39.39,12.61,46.56,668.67,4.79,0.05,0.05,0.99,10.2
2023/6/5,13.04,36.86,12.47,44.96,671.2,4.82,0.05,0.06,1.11,10.16
2023/6/6,13.74,37.41,12.52,40.98,672.48,4.86,0.05,0.06,1.1,8.65
2023/6/7,14.9,38.05,12.66,41.82,671.31,5.28,0.05,0.06,1.11,10.23
2023/6/8,15.57,39.48,12.78,45.61,671.9,5.37,0.05,0.06,1.04,23.18
2023/6/9,15.51,41.3,12.87,48.4,668.07,5.09,0.05,0.06,1.01,67.45
2023/6/10,14.38,42.94,12.79,75.44,676.17,5.41,0.06,0.08,1.11,36.4
2023/6/11,13.39,43.14,12.72,60.47,680.39,5.15,0.06,0.08,1.02,19.03
2023/6/12,13.07,42.65,12.66,44.68,683.63,5.06,0.05,0.06,0.88,10.32
2023/6/13,12.75,42.12,12.66,43.49,687.03,5.63,0.05,0.06,0.9,11.48
2023/6/14,12.89,42.61,12.58,47.81,684.57,5.81,0.05,0.06,0.92,10.51
2023/6/15,13.22,43.34,12.55,51.94,679.71,7.03,0.06,0.08,0.81,11.53
2023/6/16,12.73,42.97,12.54,59.7,671.14,7.08,0.06,0.08,0.92,7.11
2023/6/17,11.59,40.99,12.25,69.63,663.95,8.07,0.14,0.09,0.98,8.25
2023/6/18,11.47,39.7,12.06,86.76,645.81,5.49,0.2,0.09,1.31,8.02
2023/6/19,11.29,39.88,11.96,84.45,637.39,5.38,0.23,0.11,1.45,7.29
2023/6/20,12.32,41.56,12.09,67.62,649.1,4.93,0.2,0.11,0.85,9.03
2023/6/21,13.83,43.75,12.4,34.8,650.29,4.56,0.11,0.08,0.59,15.45
2023/6/22,14.88,43.84,12.58,30.88,648.23,4.64,0.06,0.06,0.82,16.58
2023/6/23,13.97,42.11,12.51,47.64,648.75,4.85,0.05,0.06,0.85,22.78
2023/6/24,12.51,39.97,12.29,71.77,664.76,5.08,0.09,0.09,1.01,12.78
2023/6/25,12.57,39.48,12.29,73,662.26,4.86,0.11,0.09,0.99,12.72
2023/6/26,13.24,40.53,12.31,105.99,665.85,5.29,0.11,0.11,1.04,13.73
2023/6/27,13.94,42.35,12.46,71.86,668.44,4.96,0.08,0.08,1.14,11.67
2023/6/28,13.08,43.54,12.38,88.91,662.63,5.2,0.09,0.08,1.11,16.41
2023/6/29,12.41,43.94,12.41,145.94,646.33,6.74,0.11,0.11,1.22,27.13
2023/6/30,12.34,43.13,12.35,128.94,635.93,7.02,0.12,0.12,1.25,27.18
2023/7/1,14.44,44.33,12.81,71.42,635.16,6.12,0.08,0.09,1.1,26.43
2023/7/2,14.17,44.88,12.75,56.9,646.54,5.84,0.05,0.08,0.81,22.16
2023/7/3,12.22,44.38,12.46,79.25,649.09,5.44,0.06,0.09,0.99,23.81
2023/7/4,11.73,44.53,12.37,135.42,644.85,5.69,0.11,0.11,0.95,23.91
2023/7/5,12.7,45.05,12.52,96.94,633.26,5.73,0.11,0.11,0.92,8.01
2023/7/6,12.08,45.69,12.51,116.78,636.43,6.07,0.09,0.11,0.96,4.44
2023/7/7,11.25,45.31,12.22,171.3,632.98,6.6,0.15,0.14,0.99,2.75
2023/7/8,11.15,44.59,11.99,239.71,635.12,6.77,0.21,0.17,1.02,1.65
2023/7/9,11.06,44.76,11.85,275.49,647.21,7.14,0.34,0.18,1.05,1.49
2023/7/10,11.71,45.29,12.05,208.67,639.97,6.41,0.26,0.17,0.99,1.62
2023/7/11,12.17,46.6,12.23,134.32,638.14,5.78,0.15,0.12,1.04,0.85
2023/7/12,12.02,47.08,12.18,126.21,644.59,5.4,0.15,0.12,0.69,0.63
2023/7/13,11.44,46.6,12.11,171.61,649.13,5.64,0.17,0.14,0.61,0.5
2023/7/14,11.97,46.45,12.25,168.01,655.31,6.08,0.2,0.15,0.67,0.67
2023/7/15,12.55,46.25,12.38,145.32,680.26,6.68,0.15,0.14,0.81,15.43
2023/7/16,12.96,45.37,12.58,139.19,673.44,6.6,0.14,0.14,0.7,14.37
2023/7/17,11.41,43.68,12.34,161.33,677.82,6.41,0.14,0.14,0.69,10.57
2023/7/18,8.95,43.49,11.59,88.3,741.42,8.51,0.66,0.14,1.63,11.67
2023/7/19,11.1,42.88,11.67,89.81,625.98,8.8,0.67,0.14,1.72,13.54
2023/7/20,13.83,44.41,12.14,99.08,619.26,8.45,0.63,0.12,1.77,16.94
2023/7/21,14.06,45.12,12.17,93.68,607.91,9.71,0.49,0.11,1.83,21.06
2023/7/22,12.08,44.06,12,129.78,614.13,8.71,0.47,0.12,1.57,13.92
2023/7/23,12.35,44.32,12.43,117.41,640.67,6.53,0.15,0.12,0.79,89.29
2023/7/24,13.98,45.46,12.63,117.76,619.04,6.86,0.14,0.12,0.67,19.28
2023/7/25,14.46,46.04,12.7,115.35,596.66,9.26,0.15,0.12,1.83,17.42
2023/7/26,12.58,45.4,12.55,81.95,615.35,6.37,0.12,0.11,0.66,12.84
2023/7/27,12.28,45.52,12.57,72.51,630.02,5.93,0.12,0.09,0.55,11.1
2023/7/28,12.37,44.84,12.66,102.05,612.27,6.92,0.12,0.11,0.66,13.76
2023/7/29,11.7,43.86,12.32,133.25,607.35,6.89,0.17,0.12,0.72,13.95
2023/7/30,11.51,43.36,12.08,80.81,585.62,7.21,0.15,0.11,1.02,21.08
2023/7/31,14.18,44.41,12.61,99.69,601.89,7.29,0.14,0.11,0.79,16.99
2023/8/1,12.73,44.41,12.47,83.36,594.16,7.67,0.11,0.11,0.9,17.4
2023/8/2,13.16,45.31,12.51,109.04,598.24,6.82,0.14,0.09,0.82,20.37
2023/8/3,15.65,47,12.84,70.94,602.82,7.09,0.12,0.09,0.75,21.23
2023/8/4,16.23,47.93,12.99,91.47,602.88,7.11,0.11,0.08,0.4,23.85
2023/8/5,15.91,48.94,13.04,50.11,605.61,7.29,0.09,0.08,0.61,18.24
2023/8/6,13.62,48.75,13.02,49.75,612.65,5.34,0.05,0.08,0.41,16.36
2023/8/7,12.29,48.05,12.76,59.32,613.28,5.35,0.06,0.08,1.07,24.29
2023/8/8,12.06,47.72,12.75,89.69,617.91,5.38,0.06,0.09,1.27,22.25
2023/8/9,12.52,47.53,12.83,52.61,623.01,5.19,0.05,0.09,0.96,22.81
2023/8/10,12.76,47.98,12.87,52.06,627,5.2,0.05,0.09,0.98,22.95
2023/8/11,13.28,49.36,12.98,41.19,627.26,5.26,0.05,0.08,0.72,18.15
2023/8/12,13.45,50.39,13.04,45.37,632.92,5.54,0.06,0.08,0.85,18.59
2023/8/13,12.79,50.43,13.02,49.62,634.34,5.6,0.06,0.08,0.87,21.43
2023/8/14,12.38,49.59,13.01,51.42,636.02,5.49,0.06,0.09,0.87,32.3
2023/8/15,12.28,49.3,12.99,54.95,636.73,5.64,0.08,0.09,0.81,30.96
2023/8/16,12.73,49.47,13.05,53.41,637.95,5.69,0.08,0.09,0.98,23.55
2023/8/17,14.53,50.75,13.15,30.23,636.69,5.63,0.05,0.08,0.75,16
2023/8/18,11.91,48.63,12.96,50.19,641.46,6.04,0.09,0.09,0.92,24.99
2023/8/19,13.27,47.58,13.1,36.58,629.32,6.25,0.06,0.08,0.93,27.15
2023/8/20,14.27,47.63,13.27,49.35,620.89,6.5,0.06,0.08,0.95,26.9
2023/8/21,14.66,47.56,13.27,92.32,617.06,6.86,0.08,0.08,0.99,30.18
2023/8/22,12.08,46.67,12.92,84.9,610.21,7.3,0.14,0.12,1.14,31.74
2023/8/23,12.55,46.63,12.49,71.35,614.16,6.92,0.2,0.11,1.25,25.09
2023/8/24,13.44,46.6,12.66,70.21,586.79,7.69,0.14,0.11,1.39,25.03
2023/8/25,16.18,46.07,12.87,84.18,584.06,7.34,0.09,0.09,1.25,46.25
2023/8/26,13.8,44.97,12.58,66.44,581.54,7.32,0.06,0.08,1.28,41.16
2023/8/27,12.49,44.41,12.61,78.72,593.16,6.98,0.09,0.11,1.33,39.44
2023/8/28,12,43.25,12.79,98.52,583.31,6.86,0.06,0.11,1.31,27.88
2023/8/29,12.02,41.66,12.79,82.47,581.6,6.8,0.08,0.11,1.42,25.36
2023/8/30,13.5,41.5,12.86,79.47,580.64,6.62,0.09,0.11,1.39,19.49
2023/8/31,15.86,41.63,13.18,70.29,587.02,7.55,0.05,0.11,1.2,21.81
2023/9/1,13.68,40.96,12.99,82.53,580.28,7.03,0.08,0.11,1.42,24.34
2023/9/2,15.63,41.51,13.3,75.34,583.31,7.08,0.06,0.11,1.4,25.59
2023/9/3,14.09,40.85,13.13,76.43,585.8,6.69,0.06,0.09,1.24,27.95
2023/9/4,14.72,40.81,13.16,73.4,582.87,6.83,0.06,0.09,1.34,36.07
2023/9/5,14.4,41.46,13.12,70.1,595.86,7,0.06,0.11,1.34,33.02
2023/9/6,15.27,42.67,13.19,65.01,599.29,6.83,0.05,0.09,1.31,30.41
2023/9/7,13.83,42.93,13.07,67.65,603.05,6.71,0.06,0.09,1.19,29.36
2023/9/8,12.17,42.87,12.81,86.53,605.99,6.62,0.08,0.11,1.27,30.41
2023/9/9,12.06,42.88,12.75,97.6,608.64,6.63,0.09,0.11,1.11,26.23
2023/9/10,12.15,42.5,12.73,146.87,610.35,6.92,0.14,0.12,0.92,26.44
2023/9/11,10.08,42.84,12.92,111.57,601.12,7.47,0.17,0.14,1.04,22.25
2023/9/12,8.66,41.63,12.28,136.23,597.78,6.89,0.21,0.14,0.98,19.05
2023/9/13,8.6,39.83,11.88,144.62,592.81,6.5,0.35,0.15,1.05,12.83
2023/9/14,8.59,39.12,11.9,143.12,592.54,6.31,0.4,0.15,1.16,14.09
2023/9/15,9.24,39.12,12.03,182.5,598.29,6.22,0.37,0.14,1.27,15.27
2023/9/16,10.6,41.01,12.18,119.07,595.91,6.56,0.27,0.12,1.17,13.16
2023/9/17,11.06,41.62,12.26,120.05,605.7,6.27,0.15,0.12,1.14,16.13
2023/9/18,16.23,42.82,13.37,148.18,595.89,7.24,0.06,0.11,1.05,20.48
2023/9/19,16.9,42.82,13.69,66.57,587.35,7.95,0.05,0.11,0.78,13.19
2023/9/20,12.14,41.05,12.9,70.93,593.7,7.38,0.06,0.11,0.75,9.79
2023/9/21,11.39,39.09,12.55,64.46,596.52,6.8,0.11,0.11,0.95,8.34
2023/9/22,10.64,37.12,12.22,58,599.36,6.22,0.15,0.11,1.14,6.89
2023/9/23,10.28,36.34,12,69.46,597.85,6.1,0.21,0.11,1.07,9.71
2023/9/24,11.27,35.47,12.11,62.94,600.29,6.08,0.26,0.11,1.1,12.23
2023/9/25,12.31,35.93,12.4,72.71,599.68,6.21,0.15,0.11,0.99,12.51
2023/9/26,13.19,36.17,12.58,78.16,602.71,6.44,0.09,0.09,1.07,14.79
2023/9/27,14.69,36.63,12.87,189.22,601.98,6.85,0.06,0.09,0.92,15.62
2023/9/28,14.96,37.29,13.1,107.92,597.92,6.97,0.05,0.08,0.98,21.33
2023/9/29,12.95,37.44,12.73,201.35,600.5,6.54,0.05,0.08,0.85,19.72
2023/9/30,10.98,37.16,12.26,66.64,597.1,6.28,0.06,0.09,1.1,12
2023/10/1,10.11,37,12.08,93.48,594.72,6.05,0.08,0.08,0.92,10.61
2023/10/2,9.91,36.02,11.8,72.38,599.33,5.96,0.09,0.09,1.19,27.68
2023/10/3,9.68,34.88,11.67,76.71,602.19,5.55,0.12,0.09,1.31,101.5
2023/10/4,10.22,34.22,11.76,69.2,602.18,5.6,0.14,0.09,1.31,173.09
2023/10/5,10.71,34.1,11.8,85.49,604.02,5.52,0.14,0.09,1.42,149.91
2023/10/6,11.57,33.25,11.93,90.57,606.75,5.57,0.09,0.09,1.56,125.45
2023/10/7,11.79,32.21,11.94,100.22,611.42,5.4,0.14,0.09,1.57,91.07
2023/10/8,12.47,31.16,12.11,97.87,607.22,5.12,0.15,0.09,1.49,103.35
2023/10/9,11.93,31.72,12.06,136.05,604.97,4.99,0.14,0.09,1.45,215.57
2023/10/10,12.69,31.84,12.29,71.64,611.17,5.61,0.08,0.08,1.51,432.95
2023/10/11,14.72,32.18,12.57,81.56,608.54,5.9,0.09,0.08,1.39,283.82
2023/10/12,13.33,31.77,12.2,94.26,608.15,5.15,0.11,0.08,1.31,23.64
2023/10/13,13.04,31.89,12.17,189.86,607.71,5.51,0.11,0.08,1.49,17.42
2023/10/14,13.82,31.89,12.43,104.1,610.32,5.55,0.11,0.09,1.37,22.57
2023/10/15,15.63,32.96,12.76,91.82,606.57,5.52,0.11,0.08,1.37,23.55
2023/10/16,16.26,33.41,12.89,78.19,608.02,6.15,0.09,0.08,1.57,25.28
2023/10/17,14.73,33.21,12.66,109.51,611.51,6.04,0.11,0.08,2.41,17.83
2023/10/18,14.67,33.99,13.01,90.33,610.34,6.65,0.14,0.11,1.97,17.6
2023/10/19,13.69,33.31,12.87,78.35,605.39,6.16,0.09,0.09,1.16,18.06
2023/10/20,13.45,32.07,12.64,92.37,599.36,6.15,0.11,0.11,1.43,19.02
2023/10/21,13.42,30.88,12.44,80.15,599.13,5.43,0.11,0.08,0.88,16.1
2023/10/22,14.59,30.91,12.72,84,603.64,5.75,0.11,0.09,0.85,15.45
2023/10/23,15.07,30.79,12.78,70.96,609.53,6.27,0.09,0.09,3.42,22.98
2023/10/24,14.95,31.54,12.81,88.02,612.84,5.92,0.09,0.09,3.19,18.38
2023/10/25,15.83,31.32,12.99,56.58,619.2,6.08,0.06,0.08,2.73,35.88
2023/10/26,13.79,32.38,12.7,68.76,618.22,5.64,0.09,0.08,2.41,18
2023/10/27,13.36,32.12,12.55,66.4,621.24,5.29,0.09,0.08,2.7,13.98
2023/10/28,13.36,31.7,12.51,74.92,625.1,5.22,0.09,0.08,2.78,17.54
2023/10/29,14.27,31.7,12.64,70.85,628.86,6.02,0.08,0.08,2.94,22.45
2023/10/30,14.53,31.83,12.64,81.53,635.54,6.47,0.08,0.06,2.58,27.21
2023/10/31,11.85,32.51,12.15,130.16,624.4,5.98,0.15,0.08,3.6,17.19
2023/11/1,13.01,32.99,12.4,148.18,616.88,5.63,0.15,0.09,3.75,17.48
2023/11/2,12.55,32.33,12.28,149.92,620.19,6.45,0.12,0.08,3.81,17.22
2023/11/3,15.28,33.64,12.63,93.27,609.42,7.29,0.14,0.09,3.54,26.76
2023/11/4,14.34,32.71,12.7,79.36,617.96,6.15,0.09,0.08,2.93,31.34
2023/11/5,11.76,32.28,11.94,179.1,607.45,6.34,0.15,0.09,3.64,17.8
2023/11/6,13.42,29.66,11.91,351.83,601.29,8.04,0.37,0.21,4.06,12.32
2023/11/7,13.57,27.43,11.97,274.35,600.71,6.5,0.35,0.15,3.77,8.98
2023/11/8,13.71,26.92,12.02,225.72,595.36,5.96,0.32,0.14,3.9,11.09
2023/11/9,13.47,26.6,11.93,194.27,595.77,5.29,0.26,0.12,3.81,9.56
2023/11/10,14.32,25.3,11.94,185.84,610.92,6.19,0.26,0.12,3.98,7
2023/11/11,14.95,23.45,12,195.03,606.2,6.04,0.26,0.14,4.21,6.39
2023/11/12,15.62,21.61,12.06,192.23,606.51,5.87,0.27,0.12,4.82,5.41
2023/11/13,15.88,20.28,12.17,174.99,609.05,5.69,0.24,0.12,4.32,6.16
2023/11/14,15.72,19.26,12.14,169.11,612.12,5.93,0.23,0.11,4.01,5.57
2023/11/15,15.91,18.82,12.15,124.33,625.72,5.23,0.2,0.09,3.92,7.67
2023/11/16,16.27,18.76,12.11,198.63,625.02,5.69,0.23,0.12,4.19,7.2
2023/11/17,17.06,18.13,12.18,300.24,616.42,6.85,0.34,0.18,4.38,7.21
2023/11/18,16.99,18.18,12.22,199.15,613.36,5.76,0.29,0.12,4.25,7.02
2023/11/19,16.84,18.03,12.2,166.96,617.78,5.32,0.23,0.11,3.93,8.02
2023/11/20,17.08,19.83,12.22,137.05,618.3,4.99,0.18,0.09,3.68,9.38
2023/11/21,16.67,20.13,12.11,136,617.14,4.88,0.18,0.09,3.54,10.54
2023/11/22,15.83,19.46,11.97,137.78,609.18,4.85,0.18,0.08,3.87,6.25
2023/11/23,15.98,19.87,11.99,136.18,610.59,4.88,0.17,0.08,4.27,6.82
2023/11/24,16.67,18.86,12.09,136.47,625.63,5.25,0.17,0.09,4.27,9.52
2023/11/25,17.06,17.95,12.15,134.6,618.4,4.91,0.15,0.08,4.22,8.04
2023/11/26,17.29,17.83,12.25,130.4,604.72,4.88,0.15,0.09,4.16,9.5
2023/11/27,17.26,17.83,12.28,137.11,585.39,4.93,0.15,0.09,3.95,9.41
2023/11/28,17.31,18.04,12.26,117.59,584.35,4.77,0.14,0.08,3.61,8.6
2023/11/29,17.55,17.86,12.31,113.09,591.43,4.64,0.14,0.08,3.58,11.56
2023/11/30,17.66,17.1,12.32,122.32,591.85,4.73,0.14,0.08,4.01,12.67
2023/12/1,17.95,16,12.38,124.09,590.72,4.96,0.14,0.08,4.36,12.46
2023/12/2,18.77,14.9,12.41,100.74,601.72,5.02,0.12,0.08,3.63,18.47
2023/12/3,18.74,14.64,12.44,90.62,603.99,4.93,0.11,0.06,3.34,18.15
2023/12/4,18.85,15.28,12.54,92,596.98,4.7,0.11,0.06,3.17,22.04
2023/12/5,18.88,15.16,12.49,89.12,598.39,5.12,0.09,0.06,3.03,20.86
2023/12/6,18.28,15.57,12.34,104.62,595.53,5,0.11,0.08,3.22,18.3
2023/12/7,18.39,15.78,12.35,123.24,596.09,5,0.11,0.08,3.29,19.61
2023/12/8,18.33,16.45,12.34,185.61,597.82,5.76,0.18,0.11,3.95,21.4
2023/12/9,18.3,17.25,12.43,117.59,596.76,5.34,0.14,0.08,3.8,20.48
2023/12/10,17.57,17.57,12.31,125.03,590.86,5.11,0.14,0.08,4.35,14.76
2023/12/11,17.51,16.55,12.26,136.66,585.77,3.78,0.15,0.08,4.35,12.83
2023/12/12,18.15,14.95,12.32,126.91,585.54,3.34,0.15,0.06,4.21,12.35
2023/12/13,18.32,13.77,12.31,105.77,605.06,4.74,0.15,0.06,3.54,12.73
2023/12/14,18.42,13.79,12.34,120.92,587.75,4.88,0.17,0.08,3.72,13.3
2023/12/15,18.85,12.63,12.28,191.75,588.42,5.63,0.18,0.11,4.48,12.11
2023/12/16,19.78,10.39,12.32,186,589.06,5.7,0.21,0.11,5.15,11.42
2023/12/17,20.21,8.92,12.38,152.47,588.25,5.32,0.21,0.09,5.09,11.57
2023/12/18,20.44,7.63,12.37,126.21,592.42,4.67,0.18,0.08,4.41,11.91
2023/12/19,20.6,6.83,12.37,101.99,590.25,4.76,0.15,0.08,4.24,11.94
2023/12/20,20.79,6.45,12.4,95.16,590.69,4.56,0.14,0.06,3.26,11.47
2023/12/21,21.14,5.54,12.38,101.53,593.1,4.67,0.14,0.06,3.66,11.12
2023/12/22,21.52,4.5,12.41,95.25,593.09,4.53,0.15,0.08,3.8,10.22
2023/12/23,21.12,4.51,12.4,88.1,595.74,4.42,0.14,0.08,3.48,9.99
2023/12/24,20.71,4.51,12.38,80.96,598.38,4.32,0.14,0.06,3.16,9.74
2023/12/25,20.31,4.53,12.38,73.81,601.02,4.21,0.12,0.06,2.84,9.5
2023/12/26,20.22,4.74,12.34,78.06,593.82,4.25,0.11,0.06,2.87,10.68
2023/12/27,20.05,5.51,12.37,73.23,590.85,4.29,0.09,0.06,2.85,10.68
2023/12/28,19.84,5.89,12.34,70.76,592.4,4.3,0.11,0.06,2.82,10.77
2023/12/29,19.61,6.18,12.31,61.61,592.28,4.03,0.09,0.06,2.56,11.74
2023/12/30,19.54,6.98,12.31,54,593.15,4.15,0.06,0.06,2.26,13.48
2023/12/31,19.5,7.63,12.32,47.43,592.89,4.01,0.05,0.05,2.21,12.52
