time,DO,WT,PH,Cond,Tur,COD,NH,TP,TN,Chla
2022/11/1,6.04,20.54,7.83,200.69,570.01,4.71,0.16,0.18,1.99,1.5
2022/11/2,5.66,20.52,7.87,203.6,438.5,3.93,0.11,0.15,2.14,1.67
2022/11/3,8.35,20.63,7.97,205.76,159.05,2.46,0.04,0.06,1.89,2.61
2022/11/4,9.54,20.56,7.98,212.7,124.16,2.22,0.03,0.05,1.83,2.72
2022/11/5,10.28,20.39,7.99,211.83,108.02,2.09,0.03,0.05,1.87,2.9
2022/11/6,11.16,20.39,8.02,216.96,100.26,2.3,0.03,0.04,1.99,3.21
2022/11/7,10.5,20.24,8.04,217.19,91.15,2.12,0.03,0.04,2.02,4.06
2022/11/8,11.52,20.43,7.99,217.72,66.16,1.97,0.03,0.03,1.91,4.37
2022/11/9,10.27,20.78,7.97,214.36,62.02,1.97,0.03,0.03,1.84,5.94
2022/11/10,12.12,21.01,7.9,214.61,84.06,2.13,0.03,0.04,1.85,5.74
2022/11/11,10.35,21.23,7.79,219.49,301.27,2.93,0.03,0.09,2.16,4.47
2022/11/12,9.13,21.54,7.67,217.96,447.54,4.34,0.1,0.13,2.31,3.4
2022/11/13,9.9,21.22,7.7,218.31,682.59,5.74,0.19,0.14,2.38,1.78
2022/11/14,10.46,20.3,7.89,224.8,572.53,5.07,0.14,0.15,2.43,1.9
2022/11/15,9.46,18.64,7.89,226.62,692.13,5.95,0.19,0.15,2.55,1.75
2022/11/16,6.78,17.88,7.86,233.6,754.03,6.63,0.24,0.15,2.59,1.77
2022/11/17,7.54,17.37,7.8,234.74,782.53,6.6,0.28,0.16,2.38,1.62
2022/11/18,7.2,17.3,7.78,236.04,711.96,5.17,0.27,0.16,2.23,1.71
2022/11/19,7.19,17.62,7.8,234.47,559.94,4.15,0.2,0.15,2.13,1.93
2022/11/20,6.05,18.54,7.88,232.34,277.08,3.01,0.07,0.08,2.34,2.47
2022/11/21,5.72,19.06,7.82,235.32,285.82,2.8,0.06,0.09,2.23,2
2022/11/22,6.79,19.57,7.53,250.78,556.86,4.28,0.21,0.14,2.4,1.79
2022/11/23,8.29,19.69,7.08,267.52,715.6,5.07,0.37,0.14,2.34,1.71
2022/11/24,7.74,19.71,7.13,268.06,698.12,4.8,0.28,0.16,2.37,2.08
2022/11/25,7.55,19.91,7.15,267.22,579.13,4.22,0.14,0.14,2.32,2.3
2022/11/26,7.13,20.07,7.11,257.9,459.36,3.82,0.11,0.13,2.3,2.36
2022/11/27,6.7,20.08,7.12,253.48,396.75,3.34,0.08,0.11,2.32,2.28
2022/11/28,6.35,19.95,7.19,258.82,268.87,2.89,0.04,0.08,2.18,2.83
2022/11/29,6.49,19.31,7.25,268.34,152.67,2.29,0.03,0.05,2.07,2.52
2022/11/30,8.25,15.24,7.42,271.86,303.66,3.1,0.03,0.09,2.54,2.32
2022/12/1,11.13,12.08,7.54,262.84,334.16,3.36,0.09,0.12,2.62,2.31
2022/12/2,12.7,20.1,7.56,292.2,340.42,3.04,0.14,0.1,2.61,2.44
2022/12/3,8.44,18.39,7.47,304.84,248.18,3.39,0.16,0.08,2.52,2.8
2022/12/4,8.42,19.49,7.49,290.86,246.89,2.91,0.17,0.09,2.46,3.01
2022/12/5,8.5,19.33,7.54,285.07,235.69,2.83,0.16,0.08,2.37,3.22
2022/12/6,8.46,20.26,7.54,280.24,212.98,2.61,0.15,0.07,2.33,3.23
2022/12/7,8.15,21.04,7.51,277.62,195.77,2.54,0.13,0.06,2.29,3.26
2022/12/8,10.01,19.75,7.45,261,188.1,2.5,0.14,0.06,2.3,3.39
2022/12/9,12.27,17.95,7.43,252.05,239.24,3.05,0.17,0.07,2.28,3.97
2022/12/10,12.21,17.95,7.38,239.43,340.01,3.7,0.22,0.1,2.47,4.54
2022/12/11,11.46,18.58,7.43,233.57,321.32,3.8,0.21,0.09,2.49,4.9
2022/12/12,10.43,19.23,7.52,236.95,292.49,3.55,0.21,0.08,2.48,5.58
2022/12/13,9.87,19.63,7.47,238.83,398.19,4.24,0.27,0.11,2.69,5.84
2022/12/14,10.61,18.9,7.46,239.18,454.55,4.59,0.29,0.11,2.73,6.2
2022/12/15,10.3,18.89,7.49,240.8,398.14,4.32,0.27,0.1,2.72,6.86
2022/12/16,8.01,15.59,7.47,240.27,403.75,4.28,0.28,0.1,2.79,7.24
2022/12/17,5.21,12.66,7.56,241.96,346.54,3.9,0.24,0.11,2.73,8.18
2022/12/18,4.57,11.78,7.61,247.56,342.27,4.08,0.24,0.1,2.75,8.92
2022/12/19,4.99,11.75,7.57,248.43,396.16,4.04,0.25,0.1,2.75,9.57
2022/12/20,5.26,12.42,7.51,247.18,451.8,4.45,0.27,0.11,2.79,10.03
2022/12/21,5.74,13.28,7.5,245.9,425.74,4.27,0.24,0.09,2.8,10.96
2022/12/22,5.66,13.28,7.48,244.77,432.6,4.27,0.24,0.11,2.8,11.68
2022/12/23,5.27,13.31,7.55,245.52,294.16,3.73,0.19,0.08,2.76,13.26
2022/12/24,6.43,13.09,7.48,248.8,176.04,3.12,0.17,0.05,2.62,11.59
2022/12/25,5.14,13.25,7.63,245.55,150.62,3.05,0.15,0.04,2.56,10.98
2022/12/26,5.04,13.14,7.64,246.34,143.69,3.02,0.14,0.04,2.57,11.53
2022/12/27,4.93,13.08,7.69,249.66,146.83,3,0.14,0.04,2.55,12.72
2022/12/28,6.06,12.37,7.65,253.46,396.09,4.42,0.24,0.08,2.8,12.58
2022/12/29,6.92,11.98,7.65,255.31,380.93,4.28,0.24,0.08,2.78,12.69
2022/12/30,6.49,12.23,7.69,253.78,220.7,3.28,0.16,0.05,2.65,11.22
2022/12/31,6.3,12.37,7.7,251.63,160.39,3.11,0.12,0.04,2.46,12.63
2023/1/1,6.51,12.48,7.67,249.3,147.56,3.04,0.11,0.04,2.37,12.67
2023/1/2,5.98,12.91,7.67,246.82,149.45,3.03,0.12,0.04,2.39,13.51
2023/1/3,6.25,12.49,7.7,241.97,152.61,3,0.14,0.04,2.41,14.47
2023/1/4,6.88,13.38,7.69,243.78,152.3,3,0.14,0.04,2.38,14.33
2023/1/5,8.06,18.46,7.62,246.31,245.89,3.47,0.17,0.05,2.56,13.96
2023/1/6,8.82,17.71,7.62,248.47,237.08,3.43,0.18,0.05,2.61,14.57
2023/1/7,7.53,18.61,7.66,238.98,282.5,3.55,0.19,0.05,2.66,14.62
2023/1/8,8.23,17.43,7.64,238.23,252.42,3.57,0.17,0.05,2.61,58.33
2023/1/9,8.18,17.5,7.64,236.54,295.25,3.58,0.17,0.05,2.7,7.66
2023/1/10,6.75,19.55,7.65,231.9,323.61,3.8,0.16,0.06,2.66,5.99
2023/1/11,6.48,20.24,7.7,231.76,367.64,4.03,0.16,0.07,2.7,5.38
2023/1/12,7.95,18.1,7.57,230.95,262.52,3.48,0.11,0.05,2.66,5.16
2023/1/13,8.18,17.07,7.7,236.54,182.62,2.48,0.08,0.03,2.56,5.44
2023/1/14,7.99,17.5,7.68,238.92,144.49,2.18,0.06,0.03,2.42,6.21
2023/1/15,6.6,19.27,7.77,234.65,174.09,2.22,0.07,0.04,2.41,6.78
2023/1/16,6.86,19.12,7.84,235.61,172.95,2.3,0.08,0.04,2.47,8.19
2023/1/17,7.25,19.36,7.85,232.52,157.34,2.07,0.11,0.03,2.52,10.45
2023/1/18,8.03,19.26,7.81,233.06,155.79,2.2,0.16,0.04,2.61,14.11
2023/1/19,8.96,19.84,7.82,238.53,152.93,2.35,0.15,0.04,2.55,20.36
2023/1/20,9.95,18.61,7.81,245.26,145.92,2.36,0.15,0.04,2.54,27.38
2023/1/21,9.91,18,7.82,247.69,130.63,2.37,0.14,0.04,2.52,34.08
2023/1/22,10.17,18.36,7.82,237.73,120.04,2.4,0.13,0.04,2.54,38.95
2023/1/23,9.36,18.92,7.84,246.68,110.96,2.27,0.12,0.04,2.53,10.4
2023/1/24,8.99,19.25,7.88,247.37,107.47,2.27,0.12,0.04,2.53,5.91
2023/1/25,9.04,19.17,7.91,252.21,97.08,2.13,0.13,0.04,2.54,4.42
2023/1/26,9.04,18.98,7.92,254.68,87.02,2.19,0.14,0.05,2.55,4.38
2023/1/27,9.15,19.14,7.91,259.4,74.48,2.33,0.14,0.05,2.56,4.42
2023/1/28,9.31,19.13,7.77,256.21,61.86,2.1,0.11,0.04,2.47,4.48
2023/1/29,9.12,19.04,7.97,261.47,65.68,2.29,0.13,0.04,2.36,4.75
2023/1/30,8.98,18.97,7.95,259.25,68.25,2.42,0.12,0.04,2.46,5.31
2023/1/31,9.43,18.63,7.95,256.73,73.17,2.21,0.13,0.04,2.58,6.04
2023/2/1,10.68,16.96,7.81,264.56,367.97,3.56,0.31,0.08,2.86,5.29
2023/2/2,10.64,15.56,7.8,268.31,406.13,3.48,0.32,0.09,2.95,6.89
2023/2/3,15.62,15.76,7.93,264.16,164.34,3.12,0.19,0.05,2.79,9.13
2023/2/4,5.65,11.76,7.83,257.03,461.83,4.7,0.33,0.11,2.84,6.03
2023/2/5,6.25,11.22,7.81,257.95,458.36,4.89,0.31,0.09,2.75,6.66
2023/2/6,6.06,11.52,7.78,240.79,443.96,4.62,0.26,0.09,2.67,7.79
2023/2/7,5.73,12.27,7.76,244.4,471.14,4.67,0.25,0.1,2.66,8.5
2023/2/8,5.53,11.87,7.76,249.29,435.95,4.66,0.24,0.09,2.68,9.14
2023/2/9,4.87,8.32,7.79,249.54,415.61,4.24,0.2,0.1,2.62,8.74
2023/2/10,5.55,8.01,7.77,249,450.92,4.75,0.21,0.12,2.64,5.47
2023/2/11,6.23,7.71,7.75,248.46,486.22,5.26,0.22,0.14,2.66,2.2
2023/2/12,4.57,8.61,7.73,235.34,405.68,4.57,0.2,0.14,2.67,1.25
2023/2/13,5,9.49,7.76,215.77,318.46,3.84,0.2,0.12,2.7,0.81
2023/2/14,5.08,9.84,7.83,212.36,286.56,4.2,0.23,0.11,2.74,0.61
2023/2/15,6.17,9.7,7.86,204.28,306.55,5.15,0.24,0.11,2.82,0.56
2023/2/16,7.41,9.57,7.84,201.29,332.86,5.06,0.23,0.11,2.83,0.62
2023/2/17,7.85,9.75,7.82,202.3,257.47,4.54,0.2,0.09,2.83,0.66
2023/2/18,8.31,9.89,7.76,200.07,274.8,4.62,0.2,0.09,2.79,0.75
2023/2/19,8.13,9.99,7.78,198.09,229.36,3.87,0.18,0.08,2.77,0.96
2023/2/20,7.98,10.2,7.79,194.58,221.29,3.2,0.17,0.07,2.76,1.18
2023/2/21,8.38,10.11,7.86,195.32,177.9,3.1,0.16,0.07,2.76,1.54
2023/2/22,7.71,10.1,7.88,196.97,202.26,3.12,0.14,0.08,2.74,1.76
2023/2/23,7.62,10,7.9,199.39,327.22,3.83,0.15,0.1,2.82,1.55
2023/2/24,8.56,9.83,7.89,200.24,282.68,3.73,0.14,0.09,2.82,1.61
2023/2/25,9.42,9.75,7.96,201.59,235.17,3.46,0.14,0.08,2.81,1.42
2023/2/26,10.12,9.69,7.96,199.66,262.92,3.7,0.14,0.09,2.77,1.27
2023/2/27,10.37,9.85,7.95,198.64,380.38,4.32,0.13,0.11,2.75,1.3
2023/2/28,10.72,9.99,7.93,197.07,270.94,3.57,0.1,0.08,2.7,1.65
2023/3/1,11.45,9.79,7.94,201.92,188.64,3.28,0.1,0.06,2.69,2.02
2023/3/2,11.91,9.07,7.98,206.24,77.45,2.49,0.08,0.05,2.59,2.65
2023/3/3,11.36,9.2,7.97,205.21,68.46,2.03,0.07,0.05,2.6,2.75
2023/3/4,11.5,9.41,7.96,203.69,72.86,2.7,0.07,0.04,2.6,2.74
2023/3/5,10.45,9.72,7.96,202.98,72.02,2.49,0.06,0.04,2.59,3.05
2023/3/6,10.91,10.1,7.96,204.72,78.22,2.63,0.05,0.04,2.56,3.33
2023/3/7,10.29,10.63,7.96,207.28,83.52,2.56,0.04,0.04,2.53,3.65
2023/3/8,11.01,11.04,8,203.84,89.4,2.68,0.04,0.04,2.51,3.79
2023/3/9,10.38,11.19,8.01,212.78,108.68,2.52,0.04,0.04,2.47,3.55
2023/3/10,12,11.44,7.72,196.01,83.06,2.18,0.04,0.04,2.41,3.67
2023/3/11,12.91,11.43,7.67,194.57,71.17,2.56,0.03,0.04,2.26,3.4
2023/3/12,9.68,9.82,7.64,186.23,85.6,2.65,0.03,0.04,2.33,3.33
2023/3/13,10.48,9.78,7.72,191.47,98.16,2.7,0.03,0.04,2.5,3.28
2023/3/14,11.09,9.65,7.77,196.85,105.26,2.87,0.03,0.04,2.56,3.55
2023/3/15,10.75,9.95,7.76,199.73,107.87,2.93,0.03,0.04,2.51,3.91
2023/3/16,10.01,10.04,7.72,194.7,117.92,2.69,0.03,0.04,2.44,3.55
2023/3/17,10.59,11.75,7.71,201.58,130.77,2.53,0.03,0.04,2.4,2.84
2023/3/18,10.11,13.33,7.72,198.22,115.54,2.45,0.05,0.04,2.37,2.33
2023/3/19,9.76,12.92,7.77,189.46,94.25,2.17,0.06,0.04,2.36,1.84
2023/3/20,9.58,12.72,7.66,197.85,83.13,2.14,0.07,0.04,2.37,1.84
2023/3/21,10.17,12.62,7.65,206.16,79.15,3.46,0.09,0.04,2.38,2.21
2023/3/22,9.71,13.09,7.59,207.2,86.54,1.93,0.13,0.04,2.43,1.79
2023/3/23,9.11,13.66,7.62,204.63,106.26,1.78,0.14,0.05,2.36,1.46
2023/3/24,7.44,14.04,7.69,197.5,141.34,1.93,0.13,0.06,2.34,1.34
2023/3/25,6.33,13.75,7.6,189.99,157.94,1.96,0.13,0.06,2.39,1.1
2023/3/26,6.73,13.59,7.57,198.86,194.78,2.49,0.13,0.07,2.49,1.11
2023/3/27,7.89,13.99,7.52,191.43,284.59,4.23,0.15,0.11,2.55,1.29
2023/3/28,7.86,14.29,7.45,186.79,261.87,2.83,0.14,0.09,2.48,1.72
2023/3/29,7.28,14.34,7.39,172.91,207.35,2.5,0.12,0.07,2.43,2.81
2023/3/30,7.73,14.48,7.34,161.69,160.44,2.18,0.11,0.06,2.43,5.15
2023/3/31,7.6,14.74,7.34,163.81,146.86,2.11,0.09,0.05,2.47,9.66
2023/4/1,7.85,15.16,7.34,113.67,128.25,4.93,0.06,0.05,2.39,17.67
2023/4/2,7.19,15.92,7.38,176.1,113.93,1.85,0.05,0.05,2.33,31.76
2023/4/3,7.91,16.39,7.53,174.14,112.62,2.14,0.07,0.05,2.31,45.14
2023/4/4,7.86,16.24,7.32,172.68,116.59,2.2,0.08,0.05,2.44,2.55
2023/4/5,8.29,15.95,7.32,43.56,110.05,2.4,0.09,0.05,2.57,2.14
2023/4/6,7.39,15.72,7.34,173.69,110.41,2.55,0.12,0.05,2.6,2.12
2023/4/7,9.5,15.65,7.26,160.71,109.42,2.61,0.11,0.06,2.8,2.27
2023/4/8,7.45,15.32,7.25,160.02,108.15,2.52,0.13,0.06,2.86,2.7
2023/4/9,7.14,15.49,7.28,133.24,105.47,2.57,0.12,0.06,2.84,3.38
2023/4/10,6.52,15.9,7.26,0.25,91.59,2.45,0.08,0.06,2.75,4.34
2023/4/11,7.69,16.62,7.24,120.63,80.87,2.34,0.04,0.05,2.5,5.62
2023/4/12,6.45,17.47,7.07,140.73,69.18,2.34,0.03,0.05,2.28,7.59
2023/4/13,6.27,17.79,7.08,142.76,64.94,2.35,0.03,0.04,2.19,9.55
2023/4/14,6.95,17.66,7,143.98,65.66,2.21,0.03,0.04,2.15,10.94
2023/4/15,6.95,17.91,6.86,143.02,80.8,2.2,0.03,0.04,2.13,9.45
2023/4/16,6.96,17.96,6.72,143.79,98.39,2.17,0.03,0.05,2.15,6.01
2023/4/17,6.93,18.33,6.7,143.45,102.14,2.23,0.03,0.05,2.2,7.17
2023/4/18,7.88,18.49,6.67,149,98.71,2.61,0.03,0.06,2.32,8.23
2023/4/19,7.84,18.66,6.6,152.94,92.57,2.55,0.03,0.05,2.29,12
2023/4/20,7.91,18.91,6.56,149.8,97.11,2.43,0.03,0.06,2.24,17.9
2023/4/21,7.8,19.13,6.57,144.33,105.7,2.64,0.03,0.06,2.28,32.23
2023/4/22,8.26,18.28,6.68,144.45,121.16,2.57,0.03,0.06,2.35,46.47
2023/4/23,9.27,16.99,6.81,140.95,128.71,2.67,0.03,0.14,2.39,63.35
2023/4/24,10.38,15.89,7.05,137.8,111.89,2.01,0.03,0.06,2.42,69.87
2023/4/25,11.32,15.05,7.06,137.23,97.9,2.56,0.03,0.06,2.4,35.86
2023/4/26,10.51,15.54,7,136.83,93.51,2.48,0.04,0.06,2.35,24.83
2023/4/27,9.7,16.03,6.93,136.42,89.13,2.4,0.04,0.06,2.3,13.8
2023/4/28,8.42,16.84,6.88,137.59,84.45,2.35,0.03,0.04,2.22,16.75
2023/4/29,8.7,16.89,6.92,142.83,87.83,2.31,0.03,0.06,2.15,21.08
2023/4/30,8.52,16.84,6.93,143.37,80.54,2.31,0.03,0.05,2.19,25.76
2023/5/1,8.43,17.15,6.94,145.3,81.71,2.28,0.03,0.06,2.3,32.51
2023/5/2,9.31,17.45,6.97,145.75,81.54,2.45,0.03,0.06,2.36,31.91
2023/5/3,9.1,17.93,7.01,147.2,76.58,2.27,0.04,0.05,2.28,28.93
2023/5/4,8.41,18.48,7.03,149.21,76.09,2.28,0.03,0.05,2.21,33.99
2023/5/5,8.33,18.98,7.03,146.84,74.48,2.3,0.03,0.05,2.19,39.83
2023/5/6,8.63,19.04,7.05,143.7,77.04,2.29,0.03,0.05,2.16,47.38
2023/5/7,8.99,18.41,7.2,146.75,86.31,2.26,0.03,0.06,2.12,55.96
2023/5/8,9.46,18.18,7.22,151.04,94.1,2.04,0.04,0.06,2.23,65
2023/5/9,9.55,18.07,7.16,153.12,103.39,2.6,0.06,0.07,2.37,77.66
2023/5/10,8.76,18.16,6.96,143.22,109.86,2.74,0.08,0.07,2.34,91.74
2023/5/11,10.06,17.67,7.06,110.24,280.2,2.79,0.08,0.07,2.36,73.98
2023/5/12,9.67,17.94,6.89,135.93,90.37,2.32,0.07,0.07,2.32,22.25
2023/5/13,8.39,18.33,6.84,138.71,79.66,2.53,0.05,0.07,2.21,15.12
2023/5/14,7.96,18.69,6.89,138.4,66.44,2.41,0.03,0.06,2.06,14.12
2023/5/15,7.31,19.38,6.96,136.99,60.48,2.34,0.03,0.05,2.06,11.62
2023/5/16,7.51,19.83,6.98,136.37,58.55,2.62,0.03,0.05,2.08,5.08
2023/5/17,9.09,19.88,7.04,138.23,52.51,2.36,0.03,0.04,1.99,4.74
2023/5/18,8.63,20.16,7.06,137.9,53.07,2.5,0.03,0.04,1.94,4.95
2023/5/19,8.31,20.47,7.06,140.15,52.15,2.34,0.03,0.04,1.89,5.37
2023/5/20,8.19,20.49,6.97,140.65,53.6,2.65,0.03,0.04,1.95,6.21
2023/5/21,7.96,20.44,6.91,141.4,54.54,2.56,0.03,0.04,1.95,7.03
2023/5/22,9.37,20.21,6.93,146.22,59.94,2.39,0.04,0.04,2.02,8.18
2023/5/23,10.17,19.59,6.83,152.2,63.62,2.36,0.04,0.05,2.07,9.72
2023/5/24,9.54,19.38,6.76,156.11,62.19,2.55,0.04,0.05,2.19,11.34
2023/5/25,9.52,19.49,6.72,153.39,63.26,2.15,0.03,0.05,2.19,12.43
2023/5/26,8.85,19.91,6.71,153.92,61.48,1.75,0.03,0.05,2.22,12.49
2023/5/27,8.94,20.29,6.7,148.66,51.54,2.14,0.03,0.05,2.22,12.8
2023/5/28,7.8,21.24,6.78,145.5,45.75,2.08,0.03,0.05,2.17,14.3
2023/5/29,6.6,22.6,6.92,143.28,41.15,2.33,0.03,0.05,2.12,15.94
2023/5/30,5.36,23.28,6.82,140.19,41.03,2.63,0.03,0.04,1.83,17.81
2023/5/31,5.59,23.61,6.86,138.78,49.77,2.6,0.03,0.05,1.79,20.06
2023/6/1,8.32,23.58,6.94,139.35,48.43,2.53,0.03,0.04,1.88,20.35
2023/6/2,7.62,23.58,6.83,140.85,58.3,2.76,0.2,0.05,1.87,20.47
2023/6/3,7.22,25.99,6.95,143.46,65.38,2.46,0.29,0.05,1.92,22.35
2023/6/4,6.83,28.4,7.07,146.07,72.46,2.28,0.03,0.05,1.92,24.16
2023/6/5,6.63,27.88,6.91,147.59,85.9,1.62,0.03,0.05,1.96,24.06
2023/6/6,6.7,27.3,6.9,149.47,84.54,1.85,0.03,0.05,1.92,24.72
2023/6/7,6.45,27.42,6.86,151.33,83.63,2.11,0.03,0.05,1.76,25.88
2023/6/8,6.48,27.85,6.91,155.22,77.65,2.08,0.03,0.05,1.76,26.75
2023/6/9,7,28.46,7.05,160.44,75.68,2.1,0.03,0.04,1.77,29.41
2023/6/10,7.37,28.91,7.05,162.99,64.65,2.09,0.03,0.04,1.78,34.03
2023/6/11,6.93,29.18,6.84,158.97,55.98,1.95,0.03,0.04,1.8,35.65
2023/6/12,7.08,29.45,6.95,157.73,50.27,2.21,0.03,0.04,1.83,39.76
2023/6/13,6.88,29.36,6.91,159.55,52.41,1.77,0.03,0.04,1.69,44.99
2023/6/14,6.97,29.33,6.99,163.68,51.41,2.11,0.03,0.04,1.69,38.39
2023/6/15,7.33,29.49,7.18,166.06,49.14,2.09,0.03,0.04,1.63,17.78
2023/6/16,6.87,29.4,7.02,167.74,52.4,2.01,0.03,0.04,1.69,19.73
2023/6/17,6.64,29.09,6.92,165.81,49.16,2.06,0.03,0.04,1.69,20.88
2023/6/18,6.78,28.9,7.03,164.61,57.01,1.84,0.03,0.04,1.57,23.68
2023/6/19,6.64,29.02,6.96,164.54,48.53,1.9,0.03,0.04,1.71,27.08
2023/6/20,6.64,29.12,6.96,164.52,44.25,1.79,0.03,0.04,1.55,30.88
2023/6/21,6.73,29.21,7.23,173.13,48.42,2.02,0.03,0.04,1.54,22.44
2023/6/22,6.88,28.87,7.81,210.26,55.11,1.9,0.03,0.04,1.93,4.9
2023/6/23,6.68,27.94,7.72,191.96,65.57,2.02,0.03,0.04,1.88,3.11
2023/6/24,6.75,26.99,7.73,182.58,68.67,2.09,0.03,0.04,1.82,2.81
2023/6/25,6.75,26.81,7.67,174.04,70.76,2.03,0.03,0.04,1.69,2.29
2023/6/26,7.02,27.03,7.59,177.36,81.08,2.28,0.03,0.05,1.72,2.74
2023/6/27,7.14,27.43,7.65,167.22,72.76,2.41,0.03,0.05,2.01,3.98
2023/6/28,7.22,27.95,7.66,151.44,66.42,2.62,0.03,0.05,1.46,6.18
2023/6/29,7.15,28.57,7.69,143.58,56.53,2.38,0.03,0.04,1.38,8.31
2023/6/30,7,28.85,7.41,135.65,52.53,2.49,0.03,0.04,1.35,7.15
2023/7/1,6.87,29.1,7.48,130.45,44.22,3.01,0.03,0.04,1.3,2.64
2023/7/2,6.83,29.57,7.25,130.19,40.69,3.01,0.03,0.03,1.21,2.55
2023/7/3,6.87,30.01,7.3,125.89,43,2.85,0.03,0.03,1.15,2.65
2023/7/4,6.73,30.13,7.12,126.47,54.15,2.82,0.04,0.03,1.17,2.66
2023/7/5,6.49,30.42,7.04,127.24,85.54,2.75,0.03,0.04,1.19,2.68
2023/7/6,6.2,30.49,6.97,130.76,112.11,3.52,0.03,0.04,1,2.93
2023/7/7,6.35,30.56,7.06,135.72,156.11,2.93,0.03,0.04,1.5,2.63
2023/7/8,6.38,30.83,7.11,137.14,184.6,3.08,0.03,0.05,1.56,2.25
2023/7/9,6.03,30.66,7.07,136.96,174.63,2.68,0.03,0.05,1.59,2.3
2023/7/10,6.21,30.92,7.1,136.94,142.09,2.95,0.03,0.04,1.42,2.6
2023/7/11,6.21,31.43,7.07,142.09,113.82,3.36,0.03,0.04,1.3,3.08
2023/7/12,6.39,31.8,7.13,145.74,87.51,3.52,0.03,0.03,1.25,3.13
2023/7/13,6.18,31.98,7.1,145.77,75.68,2.33,0.03,0.04,1.38,3.18
2023/7/14,5.91,32,7.07,146.11,96.06,2.05,0.03,0.04,1.51,2.88
2023/7/15,5.62,31.95,7.02,146.01,128.24,2.03,0.03,0.05,1.62,2.68
2023/7/16,5.47,31.64,7.01,146.63,118.96,2.11,0.03,0.05,1.57,2.82
2023/7/17,5.97,30.54,7.1,145,120,2.5,0.03,0.05,1.57,3.01
2023/7/18,6.35,29.99,7.11,131.91,135.45,3.24,0.03,0.06,1.48,3.48
2023/7/19,6.36,30.25,7.12,132.94,150.11,3.19,0.03,0.06,1.51,4.18
2023/7/20,6.1,30.41,7.04,133.42,150.89,2.93,0.03,0.06,1.55,4.89
2023/7/21,5.9,30.57,6.99,135.92,138.57,2.17,0.03,0.05,1.61,5.58
2023/7/22,5.89,30.65,7.01,137.74,112.24,2.67,0.03,0.05,1.52,6.83
2023/7/23,5.9,30.55,7.02,143.64,95.8,2.27,0.03,0.05,1.48,8.66
2023/7/24,6.29,30.77,7.07,151.34,83.59,1.74,0.03,0.04,1.6,9.33
2023/7/25,6.09,30.99,7.04,155.02,78.4,1.81,0.03,0.04,1.71,9.56
2023/7/26,6.28,31.6,7.08,157.8,69.51,1.91,0.03,0.04,1.45,12.22
2023/7/27,6.33,31.91,7.09,156.04,73.07,1.95,0.03,0.04,1.42,15.96
2023/7/28,6.39,31.35,7.07,156.54,76.82,1.92,0.03,0.05,1.64,21.79
2023/7/29,6.56,30.4,7.13,155.88,68.87,1.79,0.03,0.05,1.8,28.38
2023/7/30,6.4,30,7.1,151.24,77.5,2.14,0.03,0.05,1.87,37.35
2023/7/31,6.33,30,7.1,147.03,77.71,2,0.03,0.05,1.73,23.25
2023/8/1,6.5,30.53,7.17,143.19,78.92,1.98,0.03,0.04,1.9,3.14
2023/8/2,6.67,31.12,7.22,142.48,82.01,2.02,0.03,0.04,1.69,3.3
2023/8/3,6.69,31.47,7.19,144.18,88.09,2.38,0.03,0.04,1.62,1.41
2023/8/4,7.01,32.04,7.33,145.7,82.08,2.66,0.03,0.04,1.55,1.01
2023/8/5,7.61,32.89,7.66,146.96,75.31,2.6,0.03,0.04,1.52,0.98
2023/8/6,7.07,33.18,7.41,147.2,71.87,2.87,0.03,0.03,1.51,0.96
2023/8/7,6.48,33.21,7.21,148.42,75.73,2.46,0.03,0.04,1.52,0.72
2023/8/8,6.29,33.08,7.17,149.92,76.48,2.41,0.03,0.04,1.54,0.53
2023/8/9,6.27,32.78,7.18,150.68,77.91,2.26,0.03,0.04,1.56,0.53
2023/8/10,6.55,32.41,7.32,150.12,71.99,2.4,0.03,0.04,1.54,0.54
2023/8/11,7,32.48,7.56,149.54,72.18,2.56,0.03,0.04,1.51,0.61
2023/8/12,7.21,32.7,7.58,149.35,75.96,2.58,0.03,0.04,1.54,0.69
2023/8/13,6.18,32.53,7.15,147.08,74.08,2.55,0.03,0.03,1.63,0.73
2023/8/14,5.96,32.52,7.08,144.29,70.6,2.41,0.03,0.03,1.65,0.94
2023/8/15,6.18,32.61,7.15,143.94,70.17,2.49,0.03,0.04,1.57,1.28
2023/8/16,6.01,32.21,7.08,145.47,68.96,2.48,0.03,0.03,1.52,1.86
2023/8/17,6.1,32.47,7.1,154.07,65.53,2.48,0.03,0.03,1.48,2.7
2023/8/18,6.04,32.49,7.1,157.07,66,2.56,0.03,0.03,1.45,3.97
2023/8/19,6.32,32.44,7.2,155.83,65.02,2.26,0.03,0.03,1.46,5.7
2023/8/20,6.59,32.38,7.37,154.89,67.51,2.26,0.03,0.03,1.45,8.17
2023/8/21,6.1,32.06,7.17,155.38,72.33,3.35,0.03,0.03,1.41,11.7
2023/8/22,5.94,31.99,7.12,155.95,71.07,3.3,0.03,0.03,1.4,8.24
2023/8/23,5.98,31.7,7.16,157.24,76.24,3.06,0.03,0.04,1.4,1.02
2023/8/24,6.33,31.55,7.24,159.33,78.17,3.06,0.03,0.04,1.36,1.21
2023/8/25,6.34,31.31,7.22,160.12,84.34,3.06,0.03,0.04,1.35,1.26
2023/8/26,6.57,31.21,7.3,160.36,88.37,3.06,0.03,0.04,1.33,1.36
2023/8/27,6.1,30.94,7.15,161.21,87.66,3.06,0.03,0.04,1.31,0.97
2023/8/28,5.9,30.45,7.06,157.87,82.82,3.06,0.03,0.04,1.36,0.58
2023/8/29,5.98,29.78,7.11,157.1,85.84,3.06,0.03,0.05,1.76,0.47
2023/8/30,6.27,29.22,7.17,156.58,78.35,1.58,0.03,0.05,1.24,0.41
2023/8/31,6.8,28.32,7.29,155.3,79.4,1.36,0.03,0.05,1.27,0.4
2023/9/1,7.24,27.48,7.41,155,82.83,1.31,0.03,0.05,1.26,1.41
2023/9/2,7.32,27.21,7.43,153.45,85.4,1.34,0.03,0.04,1.25,1.72
2023/9/3,7.4,26.91,7.45,152.86,99.46,1.45,0.03,0.05,1.53,1.79
2023/9/4,7.44,26.78,7.46,152.89,180.55,1.6,0.03,0.06,2.03,2.55
2023/9/5,7.46,27.04,7.48,152.87,208.44,1.65,0.03,0.06,2.05,1.82
2023/9/6,7.25,27.33,7.39,153.43,220.95,1.8,0.03,0.06,2.06,1.17
2023/9/7,7.25,27.86,7.4,155.6,189.51,1.84,0.03,0.06,2.01,1.18
2023/9/8,6.95,28.49,7.33,158.75,187.71,1.97,0.03,0.06,1.96,1.29
2023/9/9,7.06,29.26,7.38,160.62,190.76,2.08,0.03,0.06,1.95,1.48
2023/9/10,6.92,29.69,7.34,159.09,175.83,2.08,0.03,0.06,1.91,1.67
2023/9/11,6.66,30.02,7.26,159.36,182.23,1.9,0.03,0.06,1.93,1.57
2023/9/12,6.46,30.35,7.25,161.45,139.13,1.84,0.03,0.05,1.92,1.55
2023/9/13,6.43,29.54,7.23,161.49,97.09,1.38,0.03,0.05,1.6,1.45
2023/9/14,6.54,28.32,7.24,163.63,95.77,1.43,0.03,0.05,1.5,1.21
2023/9/15,6.54,27.64,7.26,168.54,97.58,1.51,0.04,0.05,1.83,1
2023/9/16,6.41,27.98,7.21,171.76,98.4,1.47,0.05,0.05,1.87,0.88
2023/9/17,6.24,28.27,7.15,169.8,110.37,1.46,0.04,0.05,1.93,0.76
2023/9/18,6.23,29.02,7.14,162.91,104.6,1.35,0.03,0.05,1.92,0.76
2023/9/19,6.34,29.56,7.14,158.32,103.43,1.46,0.03,0.05,1.97,0.76
2023/9/20,6.46,29.8,7.17,157.52,106.87,1.35,0.03,0.06,1.79,0.91
2023/9/21,6.75,28.3,7.27,154.57,98.48,1.43,0.03,0.06,1.6,0.89
2023/9/22,7.04,26.8,7.38,151.63,90.1,1.51,0.03,0.06,1.41,0.87
2023/9/23,6.98,26.41,7.33,150.7,122.32,1.41,0.03,0.06,1.65,0.75
2023/9/24,6.98,25.81,7.35,150.77,177.8,1.85,0.03,0.07,1.88,0.67
2023/9/25,7.09,25.85,7.39,150.31,153.15,1.84,0.03,0.06,1.82,0.7
2023/9/26,6.93,26.15,7.38,149.95,227.33,2,0.03,0.07,1.96,0.63
2023/9/27,7.01,26.53,7.39,150.96,187.71,1.88,0.03,0.07,1.96,0.7
2023/9/28,7.34,26.89,7.48,152.92,104.05,1.93,0.03,0.05,1.82,0.82
2023/9/29,7.68,27.4,7.62,154.21,80.6,2.4,0.03,0.05,1.76,1.12
2023/9/30,7.37,27.19,7.5,155.29,72.22,2.48,0.03,0.05,1.71,1
2023/10/1,7.26,26.77,7.47,155.34,85.49,2.18,0.03,0.05,1.75,0.97
2023/10/2,7.37,26.38,7.52,156.2,72,2.22,0.03,0.04,1.45,0.92
2023/10/3,7.07,25.87,7.44,156.6,73.88,2.21,0.03,0.05,1.33,0.84
2023/10/4,7.14,25.14,7.46,157.35,83.43,2.23,0.03,0.05,1.75,0.78
2023/10/5,7.41,24.46,7.54,160.08,102.79,2.26,0.03,0.05,1.78,0.64
2023/10/6,7.78,23.78,7.63,162.46,103.47,2.39,0.03,0.05,1.79,0.62
2023/10/7,7.81,22.85,7.62,165.41,99.42,2.23,0.03,0.05,1.77,0.58
2023/10/8,7.93,22.25,7.63,168.47,88.95,2.27,0.03,0.05,1.74,0.55
2023/10/9,7.82,22.18,7.6,167.64,130.3,2.46,0.03,0.06,1.81,0.42
2023/10/10,7.62,22.07,7.53,158.74,207.48,3.02,0.03,0.06,1.96,4.06
2023/10/11,7.93,21.96,7.57,158.41,86.36,2.35,0.03,0.06,2.13,9.58
2023/10/12,8.1,21.95,7.62,161.64,44.35,2.05,0.03,0.05,2.09,11.5
2023/10/13,8.27,21.82,7.55,162.68,32.6,1.79,0.03,0.05,1.71,15.52
2023/10/14,8.56,21.63,7.67,164,26.26,1.63,0.03,0.04,1.53,22.26
2023/10/15,8.45,22.12,7.62,164.5,28.05,1.96,0.03,0.04,1.51,23.32
2023/10/16,8.39,22.39,7.59,162.06,33.62,2.09,0.03,0.04,1.45,25.87
2023/10/17,8.42,22.59,7.63,162.45,35.91,2.08,0.03,0.04,1.41,21.8
2023/10/18,8.27,22.67,7.62,162.72,46.68,2.36,0.03,0.04,1.75,22.14
2023/10/19,7.99,22.73,7.54,162.14,68.13,2.55,0.03,0.05,1.93,22.2
2023/10/20,7.83,22.27,7.49,164.72,81.38,2.62,0.03,0.05,1.99,17.46
2023/10/21,8.09,21.64,7.56,167.08,89.61,2.84,0.03,0.06,2.03,13.84
2023/10/22,8.36,21.41,7.64,169.22,43.08,2.41,0.03,0.05,1.64,12.75
2023/10/23,8.36,21.09,7.62,169.62,39.8,2.31,0.03,0.05,2.04,13.12
2023/10/24,8.02,21.09,7.54,171.09,56.17,2.44,0.03,0.06,3.06,12.52
2023/10/25,7.79,21.24,7.48,173.43,53.56,2.12,0.03,0.06,2.23,13.02
2023/10/26,7.66,21.52,7.44,173.42,47.23,2.17,0.03,0.06,1.71,13.42
2023/10/27,7.51,21.54,7.39,173.21,57.79,2.53,0.03,0.06,1.9,13.54
2023/10/28,7.76,21.83,7.43,173.38,44.47,2.63,0.03,0.06,1.86,15.55
2023/10/29,7.91,22.04,7.47,174.44,39.55,2.39,0.03,0.06,1.84,18.78
2023/10/30,7.61,22.27,7.41,178.32,43.73,2.3,0.03,0.06,1.84,15.29
2023/10/31,7.61,22.47,7.4,178.7,42.46,2.41,0.03,0.06,1.87,16.07
2023/11/1,7.49,22.41,7.41,175.94,56.97,2.51,0.03,0.06,1.95,16.56
2023/11/2,7.48,22.49,7.41,172.81,78.64,2.59,0.03,0.07,2.03,17
2023/11/3,7.58,22.63,7.42,174.42,44.18,2.02,0.03,0.05,1.83,20.2
2023/11/4,7.39,22.54,7.38,174.29,29.76,1.83,0.03,0.05,1.47,20.63
2023/11/5,7.42,22.39,7.41,175.3,43.14,1.96,0.03,0.06,1.91,19.16
2023/11/6,7.71,21.85,7.47,175.6,85.81,2.33,0.03,0.06,2.11,14.69
2023/11/7,7.78,21.6,7.51,176.87,103.81,2.51,0.03,0.07,2.2,12.46
2023/11/8,7.6,21.07,7.47,177.68,100.99,2.64,0.03,0.07,2.16,12.71
2023/11/9,7.76,20.73,7.51,178.26,49.73,2.27,0.03,0.06,1.85,14.6
2023/11/10,7.77,20.24,7.52,177.68,66.89,2.19,0.03,0.06,1.84,14.6
2023/11/11,8.43,19.02,7.67,176.41,50.52,1.98,0.03,0.06,1.76,15.92
2023/11/12,8.64,17.3,7.77,177.57,54.37,2,0.05,0.06,1.94,16.77
2023/11/13,8.61,16.09,7.8,185.72,62.96,2.16,0.06,0.07,1.93,17.57
2023/11/14,8.78,15.52,7.81,185.56,61.33,2.25,0.06,0.07,1.81,19.32
2023/11/15,8.48,15.44,7.76,186.39,54.93,2.45,0.09,0.08,1.88,21.89
2023/11/16,8.56,15.27,7.75,184.11,50.48,2.78,0.1,0.08,1.94,25.55
2023/11/17,8.94,15.16,7.73,177.79,45.49,2.83,0.1,0.08,1.85,22.88
2023/11/18,8.95,15.33,7.71,174,43.67,2.8,0.11,0.08,1.8,24.96
2023/11/19,9.25,15.37,7.71,171.67,43.93,2.75,0.12,0.08,1.72,28.84
2023/11/20,9.42,15.72,7.68,170.32,41.28,3.2,0.11,0.07,1.58,33.22
2023/11/21,9.29,15.8,7.65,168.17,44.06,3.01,0.1,0.07,1.69,37.08
2023/11/22,9.23,16.16,7.52,168.94,44.73,2.59,0.07,0.07,1.72,29.93
2023/11/23,8.57,16.57,7.46,169.96,44.89,2.42,0.05,0.07,1.65,10.12
2023/11/24,9.04,15.87,7.67,170.64,50.71,2.65,0.04,0.07,1.87,10.87
2023/11/25,9.25,14.9,7.75,170.93,48.53,2.46,0.04,0.06,1.64,11.4
2023/11/26,8.66,14.28,7.73,175.61,50.47,2.53,0.04,0.06,1.77,12.38
2023/11/27,8.44,14.44,7.67,179.25,46.46,2.33,0.04,0.06,1.87,12.93
2023/11/28,8.27,14.67,7.64,182.04,41.85,2.22,0.04,0.06,1.81,14.25
2023/11/29,8.36,14.83,7.63,184.21,41.77,2.26,0.04,0.06,1.67,15.39
2023/11/30,8.89,14.04,7.74,181.45,47.52,2.24,0.04,0.06,1.75,16.75
2023/12/1,9.55,12.97,7.83,181.37,53.11,2.4,0.05,0.06,1.92,17.03
2023/12/2,9.78,12.4,7.85,181,51.5,2.32,0.05,0.05,1.98,17.74
2023/12/3,9.77,12.6,7.78,183.43,47.85,2.28,0.05,0.05,2.01,18.61
2023/12/4,9.52,12.84,7.74,193.97,47.84,2.21,0.06,0.05,1.93,19.63
2023/12/5,9.59,12.75,7.74,188.15,48.62,2.18,0.06,0.05,1.84,20.49
2023/12/6,9.85,12.83,7.71,186.22,48.22,2.04,0.06,0.05,1.82,20.7
2023/12/7,9.86,12.79,7.73,186.74,50.95,2.31,0.06,0.05,1.79,21.39
2023/12/8,9.92,13.18,7.76,181.26,56.83,2.2,0.07,0.05,1.79,19.68
2023/12/9,9.77,13.77,7.77,179.5,56.89,2.18,0.06,0.04,1.86,15.9
2023/12/10,9.28,14.21,7.73,179.2,55.11,2.3,0.06,0.04,1.81,15.52
2023/12/11,9.34,14.08,7.74,179.12,55.09,2.2,0.06,0.04,1.8,15.22
2023/12/12,10.1,12.79,7.92,180.84,66.12,2.33,0.07,0.05,1.92,6.57
2023/12/13,10.1,12.48,7.92,183.69,63.2,2.28,0.08,0.05,2.02,3.47
2023/12/14,10.1,12.54,7.88,184.01,57.18,2.19,0.08,0.04,1.85,2.51
2023/12/15,9.92,12.56,7.85,184.71,60.17,2.36,0.08,0.04,1.9,2
2023/12/16,10.34,11.52,7.94,183.08,69.84,2.06,0.09,0.05,2.02,1.63
2023/12/17,10.61,10.36,7.96,181.68,69.01,2.12,0.09,0.05,2.03,1.45
2023/12/18,10.95,9.03,7.98,179.16,68.39,2.32,0.1,0.05,2.04,1.2
2023/12/19,11.23,8.01,8.03,183.1,64.13,2.23,0.11,0.04,1.96,0.8
2023/12/20,11.4,7.66,8.03,185.37,63.65,2.11,0.12,0.04,1.89,0.69
2023/12/21,11.63,7.16,8.05,185.73,65.51,2.11,0.13,0.05,1.91,0.62
2023/12/22,11.95,6.36,8.07,184.82,61.35,1.95,0.13,0.04,1.83,0.58
2023/12/23,12.13,5.84,8.11,184.24,59.14,2.02,0.12,0.04,1.69,0.6
2023/12/24,12.16,5.83,8.1,184.67,61.84,1.99,0.12,0.04,1.74,0.55
2023/12/25,11.97,6.71,7.69,188.33,57.56,1.55,0.12,0.04,1.62,0.62
2023/12/26,11.88,6.74,7.48,192.42,54.84,1.61,0.12,0.04,1.59,0.69
2023/12/27,11.78,7.26,7.46,195.29,54.06,1.81,0.13,0.04,1.66,0.65
2023/12/28,11.68,7.66,7.41,199.56,51.26,1.79,0.13,0.04,1.67,0.72
2023/12/29,11.55,8.14,7.42,205.51,47.98,1.74,0.14,0.04,1.7,0.74
2023/12/30,11.44,8.91,7.39,210.23,47.92,1.72,0.15,0.03,1.7,0.72
2023/12/31,11.35,8.95,7.37,210.52,46.06,1.57,0.15,0.03,1.77,0.82
